Freq_Hz,Amplitude_dB
4.800000000000000000e+07,-9.274583893000074397e+01
4.802000000000000000e+07,-9.595396576000101163e+01
4.804000000000000000e+07,-9.693258972000087681e+01
4.806000000000000000e+07,-9.406329192999933753e+01
4.808000000000000000e+07,-9.263828277999951410e+01
4.810000000000000000e+07,-9.375609435999902530e+01
4.812000000000000000e+07,-9.223835754000110398e+01
4.814000000000000000e+07,-9.265101624000074310e+01
4.816000000000000000e+07,-9.462027435000095466e+01
4.818000000000000000e+07,-9.506499328999971965e+01
4.820000000000000000e+07,-9.246869201999908228e+01
4.822000000000000000e+07,-9.221459198000023605e+01
4.824000000000000000e+07,-9.028850707999923486e+01
4.826000000000000000e+07,-9.155011291999899470e+01
4.828000000000000000e+07,-9.127297363000042196e+01
4.830000000000000000e+07,-9.509525603999895793e+01
4.832000000000000000e+07,-9.734001312000086159e+01
4.834000000000000000e+07,-9.266529999000084672e+01
4.836000000000000000e+07,-9.402194061000041359e+01
4.838000000000000000e+07,-9.072451477000078057e+01
4.840000000000000000e+07,-9.287519988999945042e+01
4.842000000000000000e+07,-9.451098174999980017e+01
4.844000000000000000e+07,-9.424152373999885413e+01
4.846000000000000000e+07,-9.064498900999961961e+01
4.848000000000000000e+07,-9.151591339000088965e+01
4.850000000000000000e+07,-9.125278930999975557e+01
4.852000000000000000e+07,-9.464464417000067442e+01
4.854000000000000000e+07,-9.161100463999950705e+01
4.856000000000000000e+07,-9.492030640000064068e+01
4.858000000000000000e+07,-9.215256805000002771e+01
4.860000000000000000e+07,-9.216782073999895886e+01
4.862000000000000000e+07,-9.308424072000089211e+01
4.864000000000000000e+07,-9.091299437999988697e+01
4.866000000000000000e+07,-9.314123688000059076e+01
4.868000000000000000e+07,-9.322118834999916714e+01
4.870000000000000000e+07,-9.215864257999980680e+01
4.872000000000000000e+07,-9.807489014000019267e+01
4.874000000000000000e+07,-9.550623474000104807e+01
4.876000000000000000e+07,-9.558580017000100781e+01
4.878000000000000000e+07,-9.436410521999893319e+01
4.880000000000000000e+07,-9.428585814999927095e+01
4.882000000000000000e+07,-9.561389313000060497e+01
4.884000000000000000e+07,-9.363405150999997772e+01
4.886000000000000000e+07,-9.539692993000049626e+01
4.888000000000000000e+07,-9.517315978999978654e+01
4.890000000000000000e+07,-9.747282409999948527e+01
4.892000000000000000e+07,-9.290562134000100514e+01
4.894000000000000000e+07,-9.877521515000067609e+01
4.896000000000000000e+07,-9.242237700999980632e+01
4.898000000000000000e+07,-9.238080138999990254e+01
4.900000000000000000e+07,-9.436196136000023671e+01
4.902000000000000000e+07,-9.357779388000007259e+01
4.904000000000000000e+07,-9.392440948000087531e+01
4.906000000000000000e+07,-9.120677643000074397e+01
4.908000000000000000e+07,-9.242595520000027420e+01
4.910000000000000000e+07,-9.603340911999900698e+01
4.912000000000000000e+07,-9.308309326000015460e+01
4.914000000000000000e+07,-9.723789214999909802e+01
4.916000000000000000e+07,-9.520064850000009926e+01
4.918000000000000000e+07,-9.114277954000081650e+01
4.920000000000000000e+07,-9.353651276000101689e+01
4.922000000000000000e+07,-9.022968140000010351e+01
4.924000000000000000e+07,-9.507581329000046821e+01
4.926000000000000000e+07,-9.099951323999995623e+01
4.928000000000000000e+07,-9.561027068999891299e+01
4.930000000000000000e+07,-9.546982422000056090e+01
4.932000000000000000e+07,-9.104603423999911627e+01
4.934000000000000000e+07,-9.117743530000005592e+01
4.936000000000000000e+07,-9.537850189000103285e+01
4.938000000000000000e+07,-9.503263244999897097e+01
4.940000000000000000e+07,-9.310693206999953020e+01
4.942000000000000000e+07,-9.647402039000006368e+01
4.944000000000000000e+07,-9.264749298000037925e+01
4.946000000000000000e+07,-9.271669159000096272e+01
4.948000000000000000e+07,-9.595553436000041359e+01
4.950000000000000000e+07,-9.273471374999900263e+01
4.952000000000000000e+07,-9.401129760999950236e+01
4.954000000000000000e+07,-9.738683471999917174e+01
4.956000000000000000e+07,-9.755874480999959530e+01
4.958000000000000000e+07,-9.796237639999937130e+01
4.960000000000000000e+07,-9.204802855999930955e+01
4.962000000000000000e+07,-9.363447266000001434e+01
4.964000000000000000e+07,-9.455607757999925411e+01
4.966000000000000000e+07,-9.224928893999991431e+01
4.968000000000000000e+07,-9.128945769999947402e+01
4.970000000000000000e+07,-9.801990356000108306e+01
4.972000000000000000e+07,-9.595309601000003852e+01
4.974000000000000000e+07,-9.045861511000060773e+01
4.976000000000000000e+07,-9.398735657000108290e+01
4.978000000000000000e+07,-9.519635925000082466e+01
4.980000000000000000e+07,-9.231669159000010438e+01
4.982000000000000000e+07,-9.460483398000108934e+01
4.984000000000000000e+07,-9.105457305999932771e+01
4.986000000000000000e+07,-9.129079436999955988e+01
4.988000000000000000e+07,-9.497177733999942006e+01
4.990000000000000000e+07,-9.625085448999944049e+01
4.992000000000000000e+07,-9.367529143999914254e+01
4.994000000000000000e+07,-9.199532775999979606e+01
4.996000000000000000e+07,-9.546493683000093711e+01
4.998000000000000000e+07,-9.193559875000012482e+01
5.000000000000000000e+07,-9.156573180999903627e+01
5.002000000000000000e+07,-9.439487609999939366e+01
5.004000000000000000e+07,-9.147584839000033696e+01
5.006000000000000000e+07,-9.549932098000077474e+01
5.008000000000000000e+07,-9.197112732000046265e+01
5.010000000000000000e+07,-9.118637999999934607e+01
5.012000000000000000e+07,-9.582784728999892820e+01
5.014000000000000000e+07,-9.555972594999927594e+01
5.016000000000000000e+07,-9.531003264999938551e+01
5.018000000000000000e+07,-9.256628112999946723e+01
5.020000000000000000e+07,-9.030153350999950135e+01
5.022000000000000000e+07,-9.314949188000109359e+01
5.024000000000000000e+07,-9.245862122000058037e+01
5.026000000000000000e+07,-9.577617340000084312e+01
5.028000000000000000e+07,-9.122240448000022184e+01
5.030000000000000000e+07,-9.011608123999968711e+01
5.032000000000000000e+07,-9.273462067000022557e+01
5.034000000000000000e+07,-9.265118560999934516e+01
5.036000000000000000e+07,-9.344146729000011931e+01
5.038000000000000000e+07,-9.632072144000066771e+01
5.040000000000000000e+07,-9.626474151999951800e+01
5.042000000000000000e+07,-9.188740387000082421e+01
5.044000000000000000e+07,-9.147855682000027855e+01
5.046000000000000000e+07,-8.809377441000053466e+01
5.048000000000000000e+07,-9.751908721999888030e+01
5.050000000000000000e+07,-9.536472777999935602e+01
5.052000000000000000e+07,-9.472818908999961707e+01
5.054000000000000000e+07,-8.993559113000065963e+01
5.056000000000000000e+07,-9.563066711000048770e+01
5.058000000000000000e+07,-9.400003661999905091e+01
5.060000000000000000e+07,-9.494371338000011917e+01
5.062000000000000000e+07,-9.761984710999972492e+01
5.064000000000000000e+07,-9.622401428000010526e+01
5.066000000000000000e+07,-9.242474059999962321e+01
5.068000000000000000e+07,-9.411503906000083930e+01
5.070000000000000000e+07,-9.402104644999974425e+01
5.072000000000000000e+07,-9.551993865999978084e+01
5.074000000000000000e+07,-9.541672821000047122e+01
5.076000000000000000e+07,-9.680580750000065393e+01
5.078000000000000000e+07,-9.259549561000068252e+01
5.080000000000000000e+07,-9.318554076999922131e+01
5.082000000000000000e+07,-9.356132813000054682e+01
5.084000000000000000e+07,-9.226724701000044604e+01
5.086000000000000000e+07,-9.040297240999906592e+01
5.088000000000000000e+07,-9.245650634999969952e+01
5.090000000000000000e+07,-9.322144623000095010e+01
5.092000000000000000e+07,-9.519031525000110605e+01
5.094000000000000000e+07,-9.515257110999911561e+01
5.096000000000000000e+07,-9.335568390000065619e+01
5.098000000000000000e+07,-9.468870238999996047e+01
5.100000000000000000e+07,-9.193132324000114863e+01
5.102000000000000000e+07,-9.504614104999943436e+01
5.104000000000000000e+07,-9.741970977999930881e+01
5.106000000000000000e+07,-9.205461578000007705e+01
5.108000000000000000e+07,-9.260146484000081557e+01
5.110000000000000000e+07,-9.614402161000117530e+01
5.112000000000000000e+07,-9.440376891999969189e+01
5.114000000000000000e+07,-9.323274993999996241e+01
5.116000000000000000e+07,-9.690412444999917341e+01
5.118000000000000000e+07,-9.289942780000033906e+01
5.120000000000000000e+07,-9.320955811000020219e+01
5.122000000000000000e+07,-9.311729278999943915e+01
5.124000000000000000e+07,-9.368928833000042289e+01
5.126000000000000000e+07,-9.754492949999986706e+01
5.128000000000000000e+07,-9.112776946999916561e+01
5.130000000000000000e+07,-9.076730346999895005e+01
5.132000000000000000e+07,-9.444463042999997526e+01
5.134000000000000000e+07,-9.383631287000021359e+01
5.136000000000000000e+07,-9.204134520999907920e+01
5.138000000000000000e+07,-9.363411713000047598e+01
5.140000000000000000e+07,-9.072238312000048666e+01
5.142000000000000000e+07,-8.789780884000086303e+01
5.144000000000000000e+07,-9.154768524000039065e+01
5.146000000000000000e+07,-9.634504395000064392e+01
5.148000000000000000e+07,-9.233862000000029013e+01
5.150000000000000000e+07,-9.553944244000011565e+01
5.152000000000000000e+07,-9.319598083000101951e+01
5.154000000000000000e+07,-9.526333618000104764e+01
5.156000000000000000e+07,-9.447493895999902236e+01
5.158000000000000000e+07,-9.485936737000096741e+01
5.160000000000000000e+07,-9.333682555999986619e+01
5.162000000000000000e+07,-9.215793151999973531e+01
5.164000000000000000e+07,-9.212364502000075106e+01
5.166000000000000000e+07,-8.978881988999901864e+01
5.168000000000000000e+07,-8.907107391000054974e+01
5.170000000000000000e+07,-9.478054503999941005e+01
5.172000000000000000e+07,-9.271334380999954305e+01
5.174000000000000000e+07,-9.135802002000073685e+01
5.176000000000000000e+07,-9.444173584000036215e+01
5.178000000000000000e+07,-9.215279541000005281e+01
5.180000000000000000e+07,-8.796859589000069946e+01
5.182000000000000000e+07,-9.305546722000083548e+01
5.184000000000000000e+07,-9.224652557000065656e+01
5.186000000000000000e+07,-9.202006530999901202e+01
5.188000000000000000e+07,-9.357482146999977601e+01
5.190000000000000000e+07,-9.007158660999995448e+01
5.192000000000000000e+07,-9.156145630000004587e+01
5.194000000000000000e+07,-9.331357726999944191e+01
5.196000000000000000e+07,-1.008710799999993810e+02
5.198000000000000000e+07,-9.289962157999981684e+01
5.200000000000000000e+07,-9.093935698999911210e+01
5.202000000000000000e+07,-9.288864288000078773e+01
5.204000000000000000e+07,-9.394155730999966636e+01
5.206000000000000000e+07,-9.662729186999975184e+01
5.208000000000000000e+07,-9.061925049000028309e+01
5.210000000000000000e+07,-9.358182220000099960e+01
5.212000000000000000e+07,-9.800731354000103579e+01
5.214000000000000000e+07,-9.709585114000032036e+01
5.216000000000000000e+07,-9.397120667000075400e+01
5.218000000000000000e+07,-9.427673186999939503e+01
5.220000000000000000e+07,-9.445708159999969666e+01
5.222000000000000000e+07,-9.312613678000089124e+01
5.224000000000000000e+07,-9.633771361999974658e+01
5.226000000000000000e+07,-9.417509917999997526e+01
5.228000000000000000e+07,-9.509592895999962536e+01
5.230000000000000000e+07,-9.556790313999958641e+01
5.232000000000000000e+07,-9.491139832000040144e+01
5.234000000000000000e+07,-9.057802429000001609e+01
5.236000000000000000e+07,-8.943445739999933153e+01
5.238000000000000000e+07,-9.230948638999934985e+01
5.240000000000000000e+07,-9.678431548999895995e+01
5.242000000000000000e+07,-9.433526000999940209e+01
5.244000000000000000e+07,-9.461351928999899030e+01
5.246000000000000000e+07,-9.248911285000016846e+01
5.248000000000000000e+07,-8.866276703000035297e+01
5.250000000000000000e+07,-9.095628051999923969e+01
5.252000000000000000e+07,-8.881286315999967940e+01
5.254000000000000000e+07,-9.257543029999955309e+01
5.256000000000000000e+07,-9.178088988999917319e+01
5.258000000000000000e+07,-9.256963653999993369e+01
5.260000000000000000e+07,-8.816446228000076246e+01
5.262000000000000000e+07,-9.089569550000057063e+01
5.264000000000000000e+07,-9.566291503999919144e+01
5.266000000000000000e+07,-9.491271972999922468e+01
5.268000000000000000e+07,-9.169458008000020754e+01
5.270000000000000000e+07,-9.776747589000065375e+01
5.272000000000000000e+07,-9.208887939000071299e+01
5.274000000000000000e+07,-9.171017302999891285e+01
5.276000000000000000e+07,-9.426651000999905250e+01
5.278000000000000000e+07,-9.663585510000071110e+01
5.280000000000000000e+07,-9.553644409000067128e+01
5.282000000000000000e+07,-9.065687865999905171e+01
5.284000000000000000e+07,-9.458013916000095378e+01
5.286000000000000000e+07,-9.599763030999947944e+01
5.288000000000000000e+07,-9.499517211999965127e+01
5.290000000000000000e+07,-9.360336914000056652e+01
5.292000000000000000e+07,-9.736708984000084399e+01
5.294000000000000000e+07,-9.678468781000066201e+01
5.296000000000000000e+07,-9.124604492000055700e+01
5.298000000000000000e+07,-9.099347382000055973e+01
5.300000000000000000e+07,-9.435364531999961457e+01
5.302000000000000000e+07,-9.102050934000000382e+01
5.304000000000000000e+07,-9.689047546000060152e+01
5.306000000000000000e+07,-9.168742218000051025e+01
5.308000000000000000e+07,-9.184876555999910863e+01
5.310000000000000000e+07,-9.364983825999911460e+01
5.312000000000000000e+07,-9.402178955000034932e+01
5.314000000000000000e+07,-9.647119140999944875e+01
5.316000000000000000e+07,-9.189707335999993632e+01
5.318000000000000000e+07,-9.186720275999934415e+01
5.320000000000000000e+07,-9.495437317000076405e+01
5.322000000000000000e+07,-9.685220490000023119e+01
5.324000000000000000e+07,-9.180638275000042370e+01
5.326000000000000000e+07,-9.175155639999918833e+01
5.328000000000000000e+07,-9.119814452999953858e+01
5.330000000000000000e+07,-9.460995941000086873e+01
5.332000000000000000e+07,-9.484291228999983048e+01
5.334000000000000000e+07,-9.090963592999999321e+01
5.336000000000000000e+07,-9.001794890999951804e+01
5.338000000000000000e+07,-9.433132018999995694e+01
5.340000000000000000e+07,-9.230002288999885707e+01
5.342000000000000000e+07,-9.200214081000011390e+01
5.344000000000000000e+07,-9.236314696999966145e+01
5.346000000000000000e+07,-9.177115020999933392e+01
5.348000000000000000e+07,-9.611446686000040529e+01
5.350000000000000000e+07,-9.011794281000034346e+01
5.352000000000000000e+07,-9.151527556999904789e+01
5.354000000000000000e+07,-9.271429137999996328e+01
5.356000000000000000e+07,-9.069124603000074103e+01
5.358000000000000000e+07,-9.659827118000050916e+01
5.360000000000000000e+07,-8.738256836000057604e+01
5.362000000000000000e+07,-9.300545807000098364e+01
5.364000000000000000e+07,-9.705158538999971540e+01
5.366000000000000000e+07,-9.366449889999978495e+01
5.368000000000000000e+07,-9.219839935000088360e+01
5.370000000000000000e+07,-9.257476501000007829e+01
5.372000000000000000e+07,-9.606913452000063103e+01
5.374000000000000000e+07,-9.279800568000051442e+01
5.376000000000000000e+07,-9.243258819999961418e+01
5.378000000000000000e+07,-9.606403351000089685e+01
5.380000000000000000e+07,-9.399472198000087531e+01
5.382000000000000000e+07,-9.040662994000011565e+01
5.384000000000000000e+07,-9.408184813999895368e+01
5.386000000000000000e+07,-9.369642180999906600e+01
5.388000000000000000e+07,-9.787098846000067454e+01
5.390000000000000000e+07,-9.215859833000043011e+01
5.392000000000000000e+07,-9.061263275000028727e+01
5.394000000000000000e+07,-9.315495453000035297e+01
5.396000000000000000e+07,-8.881428679999966391e+01
5.398000000000000000e+07,-9.151327057000098364e+01
5.400000000000000000e+07,-9.510017394999934481e+01
5.402000000000000000e+07,-9.679930572999927563e+01
5.404000000000000000e+07,-9.086747894000043857e+01
5.406000000000000000e+07,-9.319324493000020482e+01
5.408000000000000000e+07,-9.543741607999983501e+01
5.410000000000000000e+07,-9.357218170000072632e+01
5.412000000000000000e+07,-9.285750731999964103e+01
5.414000000000000000e+07,-9.112243804999940266e+01
5.416000000000000000e+07,-9.167504424999985702e+01
5.418000000000000000e+07,-9.018705749999949717e+01
5.420000000000000000e+07,-9.170822143999980369e+01
5.422000000000000000e+07,-9.657584686000092233e+01
5.424000000000000000e+07,-9.447370604999944987e+01
5.426000000000000000e+07,-9.132775268999894536e+01
5.428000000000000000e+07,-9.297101593000064668e+01
5.430000000000000000e+07,-9.498807220000099960e+01
5.432000000000000000e+07,-9.133048096000075589e+01
5.434000000000000000e+07,-9.324098511000001110e+01
5.436000000000000000e+07,-9.526629790999919578e+01
5.438000000000000000e+07,-9.565974884000021916e+01
5.440000000000000000e+07,-9.262111359000067523e+01
5.442000000000000000e+07,-9.431429290999962234e+01
5.444000000000000000e+07,-9.482466430999936335e+01
5.446000000000000000e+07,-9.221376648000052967e+01
5.448000000000000000e+07,-9.087379913000036424e+01
5.450000000000000000e+07,-9.343339995999910741e+01
5.452000000000000000e+07,-9.282470093000057432e+01
5.454000000000000000e+07,-9.512320251000097926e+01
5.456000000000000000e+07,-9.467365417000061711e+01
5.458000000000000000e+07,-9.619462432999949897e+01
5.460000000000000000e+07,-9.490764923000048725e+01
5.462000000000000000e+07,-9.529802704000026381e+01
5.464000000000000000e+07,-9.355163269000080106e+01
5.466000000000000000e+07,-9.457459717000102728e+01
5.468000000000000000e+07,-9.308949127000029478e+01
5.470000000000000000e+07,-9.703060454999894091e+01
5.472000000000000000e+07,-9.394090118000104894e+01
5.474000000000000000e+07,-9.490051421999916670e+01
5.476000000000000000e+07,-8.887903137000051856e+01
5.478000000000000000e+07,-9.265945587000105377e+01
5.480000000000000000e+07,-9.258485107000096548e+01
5.482000000000000000e+07,-9.207406158000024732e+01
5.484000000000000000e+07,-9.538201293999938457e+01
5.486000000000000000e+07,-9.343403625000051704e+01
5.488000000000000000e+07,-9.372880707000088307e+01
5.490000000000000000e+07,-9.330306702000031294e+01
5.492000000000000000e+07,-9.262198638999933564e+01
5.494000000000000000e+07,-9.608698120000003939e+01
5.496000000000000000e+07,-9.406604918999991582e+01
5.498000000000000000e+07,-9.333294372999999666e+01
5.500000000000000000e+07,-9.100944365999961860e+01
5.502000000000000000e+07,-9.311154938000048276e+01
5.504000000000000000e+07,-8.993430175999934306e+01
5.506000000000000000e+07,-9.004438628999939453e+01
5.508000000000000000e+07,-9.344679565000063803e+01
5.510000000000000000e+07,-9.514208679000088864e+01
5.512000000000000000e+07,-9.161293334999949423e+01
5.514000000000000000e+07,-9.565829315000095789e+01
5.516000000000000000e+07,-9.202105408000093689e+01
5.518000000000000000e+07,-9.262530364999902588e+01
5.520000000000000000e+07,-9.163013915999925985e+01
5.522000000000000000e+07,-9.488414459000091483e+01
5.524000000000000000e+07,-9.297859343999931525e+01
5.526000000000000000e+07,-9.329621277000063628e+01
5.528000000000000000e+07,-8.983060760000063283e+01
5.530000000000000000e+07,-9.097317810000045313e+01
5.532000000000000000e+07,-9.060138397000049792e+01
5.534000000000000000e+07,-9.143582001000066839e+01
5.536000000000000000e+07,-9.483419647000067698e+01
5.538000000000000000e+07,-9.476055449999932989e+01
5.540000000000000000e+07,-9.332766570999960720e+01
5.542000000000000000e+07,-9.228873290999969470e+01
5.544000000000000000e+07,-9.161014709000053813e+01
5.546000000000000000e+07,-9.187036438000100702e+01
5.548000000000000000e+07,-8.946680907999942178e+01
5.550000000000000000e+07,-9.280797272000006615e+01
5.552000000000000000e+07,-9.120614165999968748e+01
5.554000000000000000e+07,-9.180885619999961023e+01
5.556000000000000000e+07,-9.465854491999941445e+01
5.558000000000000000e+07,-8.956703032999953962e+01
5.560000000000000000e+07,-9.513213042999997526e+01
5.562000000000000000e+07,-9.358808593999916070e+01
5.564000000000000000e+07,-9.380606383999901254e+01
5.566000000000000000e+07,-9.093675842000068599e+01
5.568000000000000000e+07,-9.458605651999886277e+01
5.570000000000000000e+07,-9.670275116000067328e+01
5.572000000000000000e+07,-9.298257598999974505e+01
5.574000000000000000e+07,-9.609028778000109128e+01
5.576000000000000000e+07,-9.401886596999979417e+01
5.578000000000000000e+07,-9.538010711999963576e+01
5.580000000000000000e+07,-9.480615540000084707e+01
5.582000000000000000e+07,-9.179938812000116855e+01
5.584000000000000000e+07,-9.044290924000024745e+01
5.586000000000000000e+07,-9.444085082999912117e+01
5.588000000000000000e+07,-8.945454253999939453e+01
5.590000000000000000e+07,-8.777975768999969830e+01
5.592000000000000000e+07,-9.555343628000062495e+01
5.594000000000000000e+07,-9.610335387999903389e+01
5.596000000000000000e+07,-9.374606628000033481e+01
5.598000000000000000e+07,-8.938101807000002452e+01
5.600000000000000000e+07,-9.620802916999917898e+01
5.602000000000000000e+07,-9.212365722999929574e+01
5.604000000000000000e+07,-8.971779937999967558e+01
5.606000000000000000e+07,-9.005711365000020407e+01
5.608000000000000000e+07,-9.158518524000051286e+01
5.610000000000000000e+07,-8.967176514000058773e+01
5.612000000000000000e+07,-9.125263367000049186e+01
5.614000000000000000e+07,-9.578659363000038240e+01
5.616000000000000000e+07,-9.264063873000070259e+01
5.618000000000000000e+07,-9.301124420000061832e+01
5.620000000000000000e+07,-9.380651855000114381e+01
5.622000000000000000e+07,-9.260957947000080992e+01
5.624000000000000000e+07,-9.094515990999948940e+01
5.626000000000000000e+07,-9.320354003999882764e+01
5.628000000000000000e+07,-9.378321532999930810e+01
5.630000000000000000e+07,-9.242808227999937287e+01
5.632000000000000000e+07,-9.515048522999919101e+01
5.634000000000000000e+07,-9.329542693999978553e+01
5.636000000000000000e+07,-9.038369293000079097e+01
5.638000000000000000e+07,-9.562338104000066608e+01
5.640000000000000000e+07,-9.127561188000044012e+01
5.642000000000000000e+07,-9.184703217000047459e+01
5.644000000000000000e+07,-8.856150512999957414e+01
5.646000000000000000e+07,-9.632827148000055217e+01
5.648000000000000000e+07,-9.396791382000067472e+01
5.650000000000000000e+07,-9.300404510000029745e+01
5.652000000000000000e+07,-9.147996368000103473e+01
5.654000000000000000e+07,-8.959918059999999684e+01
5.656000000000000000e+07,-9.397667388999981597e+01
5.658000000000000000e+07,-9.189046783000024732e+01
5.660000000000000000e+07,-9.256824646000069379e+01
5.662000000000000000e+07,-9.533979797000020540e+01
5.664000000000000000e+07,-9.107841796999916539e+01
5.666000000000000000e+07,-9.281441040000012777e+01
5.668000000000000000e+07,-9.180139160000011600e+01
5.670000000000000000e+07,-9.218908691000042666e+01
5.672000000000000000e+07,-9.787091369999920687e+01
5.674000000000000000e+07,-9.045563201999952696e+01
5.676000000000000000e+07,-9.262300872999928458e+01
5.678000000000000000e+07,-8.982127991000014333e+01
5.680000000000000000e+07,-9.491544646999929569e+01
5.682000000000000000e+07,-9.413031310999953405e+01
5.684000000000000000e+07,-9.382321776999947360e+01
5.686000000000000000e+07,-9.691038817999896082e+01
5.688000000000000000e+07,-9.584207764000105101e+01
5.690000000000000000e+07,-9.262509154999922600e+01
5.692000000000000000e+07,-9.630837097000035385e+01
5.694000000000000000e+07,-9.732519226000064805e+01
5.696000000000000000e+07,-9.806786193999919021e+01
5.698000000000000000e+07,-9.465620270000110281e+01
5.700000000000000000e+07,-9.245595855999999912e+01
5.702000000000000000e+07,-9.192251434000095855e+01
5.704000000000000000e+07,-9.251639556999967340e+01
5.706000000000000000e+07,-9.299240265000065619e+01
5.708000000000000000e+07,-9.093403319999940493e+01
5.710000000000000000e+07,-9.547567138999926328e+01
5.712000000000000000e+07,-8.943671722000000557e+01
5.714000000000000000e+07,-9.477297516000005828e+01
5.716000000000000000e+07,-9.563563538000015285e+01
5.718000000000000000e+07,-9.030932311999903561e+01
5.720000000000000000e+07,-1.000896132999992290e+02
5.722000000000000000e+07,-9.862140198000074065e+01
5.724000000000000000e+07,-9.509858551000054661e+01
5.726000000000000000e+07,-9.382965240000089580e+01
5.728000000000000000e+07,-9.776404572000079440e+01
5.730000000000000000e+07,-9.445893860000053621e+01
5.732000000000000000e+07,-9.134984283000069638e+01
5.734000000000000000e+07,-9.505424194000063665e+01
5.736000000000000000e+07,-9.101633453000036411e+01
5.738000000000000000e+07,-9.451108550999940405e+01
5.740000000000000000e+07,-9.409340667999893526e+01
5.742000000000000000e+07,-9.019430237000038630e+01
5.744000000000000000e+07,-9.400678406000031373e+01
5.746000000000000000e+07,-9.005296477999958427e+01
5.748000000000000000e+07,-9.391613312000066571e+01
5.750000000000000000e+07,-9.215745239000001732e+01
5.752000000000000000e+07,-9.061935729999888167e+01
5.754000000000000000e+07,-9.397953032999987499e+01
5.756000000000000000e+07,-9.503551636000091207e+01
5.758000000000000000e+07,-9.130958098999938954e+01
5.760000000000000000e+07,-9.400529785000048832e+01
5.762000000000000000e+07,-9.017319336000016960e+01
5.764000000000000000e+07,-9.393173217999957103e+01
5.766000000000000000e+07,-9.692483062999967558e+01
5.768000000000000000e+07,-9.183542786000114688e+01
5.770000000000000000e+07,-9.696376648000064336e+01
5.772000000000000000e+07,-9.452200774999991495e+01
5.774000000000000000e+07,-9.564864348999982724e+01
5.776000000000000000e+07,-9.342306061000033424e+01
5.778000000000000000e+07,-9.336554107999899088e+01
5.780000000000000000e+07,-9.586101990000078388e+01
5.782000000000000000e+07,-9.617403106999934437e+01
5.784000000000000000e+07,-9.385168762000054699e+01
5.786000000000000000e+07,-9.372102355999963663e+01
5.788000000000000000e+07,-9.422429047000083813e+01
5.790000000000000000e+07,-9.348254394999885619e+01
5.792000000000000000e+07,-9.500274352999987570e+01
5.794000000000000000e+07,-9.580934600999947293e+01
5.796000000000000000e+07,-9.323646239999906982e+01
5.798000000000000000e+07,-9.847903136999961760e+01
5.800000000000000000e+07,-9.392948608000004640e+01
5.802000000000000000e+07,-9.729445495999974014e+01
5.804000000000000000e+07,-9.280500182999885794e+01
5.806000000000000000e+07,-9.554775543000083360e+01
5.808000000000000000e+07,-8.798272857999903351e+01
5.810000000000000000e+07,-9.373059539999917433e+01
5.812000000000000000e+07,-9.399388123000042583e+01
5.814000000000000000e+07,-9.664256439000017451e+01
5.816000000000000000e+07,-9.273117371000054732e+01
5.818000000000000000e+07,-9.077551574999965567e+01
5.820000000000000000e+07,-9.198297576999952696e+01
5.822000000000000000e+07,-9.585516967999916460e+01
5.824000000000000000e+07,-9.260131988999893338e+01
5.826000000000000000e+07,-9.711646271000050490e+01
5.828000000000000000e+07,-9.209195251000089399e+01
5.830000000000000000e+07,-9.264090880999961541e+01
5.832000000000000000e+07,-9.311326599000069848e+01
5.834000000000000000e+07,-9.727420197000112978e+01
5.836000000000000000e+07,-9.215331421000094281e+01
5.838000000000000000e+07,-9.383074951000099873e+01
5.840000000000000000e+07,-9.307268523999917420e+01
5.842000000000000000e+07,-8.822479706000011390e+01
5.844000000000000000e+07,-9.343108214999917038e+01
5.846000000000000000e+07,-9.242305450000034739e+01
5.848000000000000000e+07,-9.118061676000054661e+01
5.850000000000000000e+07,-8.908826599000101965e+01
5.852000000000000000e+07,-9.070849304000086022e+01
5.854000000000000000e+07,-9.340516968000095233e+01
5.856000000000000000e+07,-9.220976715000081469e+01
5.858000000000000000e+07,-8.932395019999971453e+01
5.860000000000000000e+07,-9.427259064000051580e+01
5.862000000000000000e+07,-9.190762633999902675e+01
5.864000000000000000e+07,-9.105011443999931942e+01
5.866000000000000000e+07,-9.367710113999977750e+01
5.868000000000000000e+07,-9.387665099999919960e+01
5.870000000000000000e+07,-8.886922454999930210e+01
5.872000000000000000e+07,-9.122474517999957300e+01
5.874000000000000000e+07,-9.269407349000005070e+01
5.876000000000000000e+07,-9.188935851999912074e+01
5.878000000000000000e+07,-9.336866759999979593e+01
5.880000000000000000e+07,-8.806885070999915399e+01
5.882000000000000000e+07,-9.289539337000070418e+01
5.884000000000000000e+07,-9.230089874000050543e+01
5.886000000000000000e+07,-1.001283324999991038e+02
5.888000000000000000e+07,-9.263702544999979693e+01
5.890000000000000000e+07,-9.797654419000112114e+01
5.892000000000000000e+07,-9.382555846999994742e+01
5.894000000000000000e+07,-9.278796387000076606e+01
5.896000000000000000e+07,-9.032220611999959203e+01
5.898000000000000000e+07,-9.290619049000072494e+01
5.900000000000000000e+07,-9.199741974000049538e+01
5.902000000000000000e+07,-9.626509857000014847e+01
5.904000000000000000e+07,-9.538550720000044691e+01
5.906000000000000000e+07,-9.162846985000017241e+01
5.908000000000000000e+07,-9.728149872000113874e+01
5.910000000000000000e+07,-9.355536957000002474e+01
5.912000000000000000e+07,-9.305014800999940405e+01
5.914000000000000000e+07,-9.523384552000048586e+01
5.916000000000000000e+07,-9.332695160000001522e+01
5.918000000000000000e+07,-9.584335480000063967e+01
5.920000000000000000e+07,-9.596131287000022780e+01
5.922000000000000000e+07,-9.270285644999971453e+01
5.924000000000000000e+07,-9.250634154999957559e+01
5.926000000000000000e+07,-9.439438476999946204e+01
5.928000000000000000e+07,-9.382599944999924446e+01
5.930000000000000000e+07,-9.340390625000084412e+01
5.932000000000000000e+07,-9.419341888000040797e+01
5.934000000000000000e+07,-9.121660308999953770e+01
5.936000000000000000e+07,-9.239757079999982636e+01
5.938000000000000000e+07,-9.074160003999961077e+01
5.940000000000000000e+07,-9.145912017999957300e+01
5.942000000000000000e+07,-9.493736114999965992e+01
5.944000000000000000e+07,-9.273462219000053608e+01
5.946000000000000000e+07,-9.289059142999963115e+01
5.948000000000000000e+07,-9.727057647999950518e+01
5.950000000000000000e+07,-9.412001648000057230e+01
5.952000000000000000e+07,-9.407152251999903569e+01
5.954000000000000000e+07,-9.372180633999964527e+01
5.956000000000000000e+07,-9.647300568000109422e+01
5.958000000000000000e+07,-9.563430938999958641e+01
5.960000000000000000e+07,-9.506419525000043791e+01
5.962000000000000000e+07,-9.544382477000118570e+01
5.964000000000000000e+07,-9.901249084000072287e+01
5.966000000000000000e+07,-9.514563751000041236e+01
5.968000000000000000e+07,-9.217477416999996365e+01
5.970000000000000000e+07,-9.920777893000014558e+01
5.972000000000000000e+07,-9.476363372999928458e+01
5.974000000000000000e+07,-9.119435576999971715e+01
5.976000000000000000e+07,-9.413868866000069602e+01
5.978000000000000000e+07,-9.114478606999925603e+01
5.980000000000000000e+07,-9.269013786000080302e+01
5.982000000000000000e+07,-9.463980864999959408e+01
5.984000000000000000e+07,-9.212586403000021562e+01
5.986000000000000000e+07,-9.923100852999961319e+01
5.988000000000000000e+07,-9.373171996999941769e+01
5.990000000000000000e+07,-9.559139632999956859e+01
5.992000000000000000e+07,-9.212233542999989311e+01
5.994000000000000000e+07,-9.490545081999931654e+01
5.996000000000000000e+07,-9.612750434999954052e+01
5.998000000000000000e+07,-9.273931694000009429e+01
6.000000000000000000e+07,-9.225103569000008008e+01
6.002000000000000000e+07,-9.454027556999982096e+01
6.004000000000000000e+07,-9.222359275999976091e+01
6.006000000000000000e+07,-9.495439528999909840e+01
6.008000000000000000e+07,-9.311527442999988580e+01
6.010000000000000000e+07,-9.372513770999901794e+01
6.012000000000000000e+07,-9.372137641999923119e+01
6.014000000000000000e+07,-9.409198189000015589e+01
6.016000000000000000e+07,-9.552809715000084623e+01
6.018000000000000000e+07,-9.377464676000074917e+01
6.020000000000000000e+07,-8.419907188000053111e+01
6.022000000000000000e+07,-9.437043190000053983e+01
6.024000000000000000e+07,-8.884090424000102360e+01
6.026000000000000000e+07,-9.279848289000058514e+01
6.028000000000000000e+07,-9.488589859000045124e+01
6.030000000000000000e+07,-9.120229529999978979e+01
6.032000000000000000e+07,-9.295734023999894191e+01
6.034000000000000000e+07,-9.782683754000024123e+01
6.036000000000000000e+07,-9.638488006999979518e+01
6.038000000000000000e+07,-9.331562424000001954e+01
6.040000000000000000e+07,-9.310523986999965018e+01
6.042000000000000000e+07,-9.373814200999929369e+01
6.044000000000000000e+07,-9.294940948000052572e+01
6.046000000000000000e+07,-9.504474640000059082e+01
6.048000000000000000e+07,-9.887945366000109004e+01
6.050000000000000000e+07,-9.272478104000033738e+01
6.052000000000000000e+07,-9.251895713999938664e+01
6.054000000000000000e+07,-9.564620589999923084e+01
6.056000000000000000e+07,-9.359230232000066962e+01
6.058000000000000000e+07,-9.174765967999948657e+01
6.060000000000000000e+07,-9.609448051000057944e+01
6.062000000000000000e+07,-9.244807434000006197e+01
6.064000000000000000e+07,-9.692208671999894420e+01
6.066000000000000000e+07,-9.503592491000016196e+01
6.068000000000000000e+07,-9.325871848999919678e+01
6.070000000000000000e+07,-9.465523337999927378e+01
6.072000000000000000e+07,-9.517246627999939790e+01
6.074000000000000000e+07,-9.359012221999934411e+01
6.076000000000000000e+07,-9.551099396000050490e+01
6.078000000000000000e+07,-9.496536064000046906e+01
6.080000000000000000e+07,-8.300582885999986615e+01
6.082000000000000000e+07,-8.640257644999931586e+01
6.084000000000000000e+07,-9.769607925000076420e+01
6.086000000000000000e+07,-9.009721374999949717e+01
6.088000000000000000e+07,-9.502622413999971229e+01
6.090000000000000000e+07,-9.677935027999963324e+01
6.092000000000000000e+07,-9.596661758000068687e+01
6.094000000000000000e+07,-9.441523169999946674e+01
6.096000000000000000e+07,-9.447434234999921898e+01
6.098000000000000000e+07,-9.275905036999961339e+01
6.100000000000000000e+07,-9.114550780999952906e+01
6.102000000000000000e+07,-9.207766533000007314e+01
6.104000000000000000e+07,-9.240915489000073535e+01
6.106000000000000000e+07,-9.158730125000086275e+01
6.108000000000000000e+07,-9.142659378000048775e+01
6.110000000000000000e+07,-9.051667022999964729e+01
6.112000000000000000e+07,-9.324027252000071542e+01
6.114000000000000000e+07,-8.983240508999949725e+01
6.116000000000000000e+07,-1.002754210999993632e+02
6.118000000000000000e+07,-9.809720612000045037e+01
6.120000000000000000e+07,-9.151129149999955814e+01
6.122000000000000000e+07,-9.633135605000046553e+01
6.124000000000000000e+07,-9.576292418999959466e+01
6.126000000000000000e+07,-9.886881446999950640e+01
6.128000000000000000e+07,-9.459437751999952582e+01
6.130000000000000000e+07,-9.338976096999978438e+01
6.132000000000000000e+07,-9.471188545000036640e+01
6.134000000000000000e+07,-9.530975151000104972e+01
6.136000000000000000e+07,-1.015850467999994180e+02
6.138000000000000000e+07,-9.185108565999937014e+01
6.140000000000000000e+07,-9.000356292999904895e+01
6.142000000000000000e+07,-9.571658896999959154e+01
6.144000000000000000e+07,-9.277883910999915429e+01
6.146000000000000000e+07,-9.512879372000077183e+01
6.148000000000000000e+07,-9.064653777999974693e+01
6.150000000000000000e+07,-9.492976569999933645e+01
6.152000000000000000e+07,-9.669705391000022132e+01
6.154000000000000000e+07,-9.659609795000083921e+01
6.156000000000000000e+07,-9.431733322000025055e+01
6.158000000000000000e+07,-9.283530045000028963e+01
6.160000000000000000e+07,-8.988387107999949421e+01
6.162000000000000000e+07,-9.228614234999987787e+01
6.164000000000000000e+07,-9.572224426000076392e+01
6.166000000000000000e+07,-8.871540642000032051e+01
6.168000000000000000e+07,-9.383136176999929035e+01
6.170000000000000000e+07,-9.443786812000078612e+01
6.172000000000000000e+07,-9.598557281000054786e+01
6.174000000000000000e+07,-9.583662223999999696e+01
6.176000000000000000e+07,-9.256530379999992419e+01
6.178000000000000000e+07,-9.382191466999951501e+01
6.180000000000000000e+07,-9.359305191000019875e+01
6.182000000000000000e+07,-9.646904181999940420e+01
6.184000000000000000e+07,-9.068417931000047361e+01
6.186000000000000000e+07,-9.637632370000021353e+01
6.188000000000000000e+07,-9.664349937000035595e+01
6.190000000000000000e+07,-9.379406356999975003e+01
6.192000000000000000e+07,-9.134491158000061262e+01
6.194000000000000000e+07,-8.485403252000051566e+01
6.196000000000000000e+07,-9.736614990000073533e+01
6.198000000000000000e+07,-9.377685547000086785e+01
6.200000000000000000e+07,-8.824061012000053950e+01
6.202000000000000000e+07,-9.494811058000037463e+01
6.204000000000000000e+07,-9.345623779000014508e+01
6.206000000000000000e+07,-8.358596610999948950e+01
6.208000000000000000e+07,-9.677314758000052564e+01
6.210000000000000000e+07,-9.927165031000005513e+01
6.212000000000000000e+07,-9.709319495999992000e+01
6.214000000000000000e+07,-9.179549026000066192e+01
6.216000000000000000e+07,-9.606744002999964493e+01
6.218000000000000000e+07,-9.295426559000038935e+01
6.220000000000000000e+07,-9.525742339999911223e+01
6.222000000000000000e+07,-8.994964027000028750e+01
6.224000000000000000e+07,-9.016786003000014205e+01
6.226000000000000000e+07,-9.472226334000092152e+01
6.228000000000000000e+07,-9.399616622999951687e+01
6.230000000000000000e+07,-9.478409767000063368e+01
6.232000000000000000e+07,-9.557850265999928752e+01
6.234000000000000000e+07,-9.481568908999955170e+01
6.236000000000000000e+07,-9.518341445999978134e+01
6.238000000000000000e+07,-9.738002014000069551e+01
6.240000000000000000e+07,-9.601965904000051921e+01
6.242000000000000000e+07,-9.242652511999972376e+01
6.244000000000000000e+07,-9.442395019999884198e+01
6.246000000000000000e+07,-9.143652724999994064e+01
6.248000000000000000e+07,-8.928207206999915968e+01
6.250000000000000000e+07,-9.334451866000016196e+01
6.252000000000000000e+07,-8.963403701999980910e+01
6.254000000000000000e+07,-9.541665649000047722e+01
6.256000000000000000e+07,-9.340546799000001954e+01
6.258000000000000000e+07,-9.088312340000052814e+01
6.260000000000000000e+07,-9.463887596000080293e+01
6.262000000000000000e+07,-9.622065925999966396e+01
6.264000000000000000e+07,-9.830519675999914853e+01
6.266000000000000000e+07,-9.647399138999951163e+01
6.268000000000000000e+07,-9.445872116000052188e+01
6.270000000000000000e+07,-8.932156563000104654e+01
6.272000000000000000e+07,-9.728991318000039712e+01
6.274000000000000000e+07,-1.000444735999994919e+02
6.276000000000000000e+07,-8.913245582999924466e+01
6.278000000000000000e+07,-8.979031753999933585e+01
6.280000000000000000e+07,-8.940162467999998341e+01
6.282000000000000000e+07,-9.953507042000049410e+01
6.284000000000000000e+07,-9.504537582000006068e+01
6.286000000000000000e+07,-9.600897026000104972e+01
6.288000000000000000e+07,-9.706903458000071794e+01
6.290000000000000000e+07,-9.360309601000084001e+01
6.292000000000000000e+07,-9.406057358000006730e+01
6.294000000000000000e+07,-8.909979819999966821e+01
6.296000000000000000e+07,-9.729612731999989705e+01
6.298000000000000000e+07,-9.682776641999964795e+01
6.300000000000000000e+07,-9.001627349999972694e+01
6.302000000000000000e+07,-9.553947448999923608e+01
6.304000000000000000e+07,-9.752490044000064984e+01
6.306000000000000000e+07,-9.129223823999943477e+01
6.308000000000000000e+07,-9.627644539000112900e+01
6.310000000000000000e+07,-9.602526473999949985e+01
6.312000000000000000e+07,-9.437020302000017580e+01
6.314000000000000000e+07,-9.321814155999940965e+01
6.316000000000000000e+07,-9.874758339000059948e+01
6.318000000000000000e+07,-9.048901366999982088e+01
6.320000000000000000e+07,-9.347899437000097578e+01
6.322000000000000000e+07,-8.962236595000035777e+01
6.324000000000000000e+07,-9.546113776999905554e+01
6.326000000000000000e+07,-9.559752273999964700e+01
6.328000000000000000e+07,-9.223501204999972458e+01
6.330000000000000000e+07,-9.772461699999986706e+01
6.332000000000000000e+07,-9.517179488999927628e+01
6.334000000000000000e+07,-9.584453391999939242e+01
6.336000000000000000e+07,-9.431882285999950000e+01
6.338000000000000000e+07,-9.244490432999945995e+01
6.340000000000000000e+07,-9.136195564000065872e+01
6.342000000000000000e+07,-9.481005477999920572e+01
6.344000000000000000e+07,-9.094046782999993184e+01
6.346000000000000000e+07,-9.381333733000052177e+01
6.348000000000000000e+07,-9.355063820000019348e+01
6.350000000000000000e+07,-9.076815414000094506e+01
6.352000000000000000e+07,-9.147977066000019875e+01
6.354000000000000000e+07,-9.627799606000003507e+01
6.356000000000000000e+07,-9.675251197999946839e+01
6.358000000000000000e+07,-9.788289452000023516e+01
6.360000000000000000e+07,-9.219978332999953352e+01
6.362000000000000000e+07,-9.081613922000011030e+01
6.364000000000000000e+07,-9.759323310999947410e+01
6.366000000000000000e+07,-9.551292991999987692e+01
6.368000000000000000e+07,-9.816525649999914549e+01
6.370000000000000000e+07,-9.454548836000074630e+01
6.372000000000000000e+07,-9.733148575000070934e+01
6.374000000000000000e+07,-9.971503829999934965e+01
6.376000000000000000e+07,-9.688839911999882304e+01
6.378000000000000000e+07,-9.743971061999958749e+01
6.380000000000000000e+07,-9.064237403999922549e+01
6.382000000000000000e+07,-9.168012427999944691e+01
6.384000000000000000e+07,-9.531516838000044345e+01
6.386000000000000000e+07,-9.543715286000032449e+01
6.388000000000000000e+07,-9.676911736000086250e+01
6.390000000000000000e+07,-9.201568604000009088e+01
6.392000000000000000e+07,-9.890580939999941279e+01
6.394000000000000000e+07,-9.438275718999899766e+01
6.396000000000000000e+07,-9.454314231999936169e+01
6.398000000000000000e+07,-9.672031212000000266e+01
6.400000000000000000e+07,-9.149844170000081078e+01
6.402000000000000000e+07,-8.929479027000078872e+01
6.404000000000000000e+07,-9.876877021999885642e+01
6.406000000000000000e+07,-9.527378845000013996e+01
6.408000000000000000e+07,-9.390070533999887914e+01
6.410000000000000000e+07,-9.433850287999915452e+01
6.412000000000000000e+07,-9.585812949999916555e+01
6.414000000000000000e+07,-9.226355933999938941e+01
6.416000000000000000e+07,-9.285830497999997135e+01
6.418000000000000000e+07,-9.401172255999939864e+01
6.420000000000000000e+07,-9.153041649000063273e+01
6.422000000000000000e+07,-9.888897705000046301e+01
6.424000000000000000e+07,-9.772251700999929369e+01
6.426000000000000000e+07,-9.196381377999945528e+01
6.428000000000000000e+07,-9.714888190999960216e+01
6.430000000000000000e+07,-9.423177146999908871e+01
6.432000000000000000e+07,-9.786249541999917767e+01
6.434000000000000000e+07,-9.414121627999942632e+01
6.436000000000000000e+07,-9.701888465999957134e+01
6.438000000000000000e+07,-9.156639290000019571e+01
6.440000000000000000e+07,-9.474691771999891898e+01
6.442000000000000000e+07,-9.816742133999892417e+01
6.444000000000000000e+07,-9.560451889000050585e+01
6.446000000000000000e+07,-9.662762833000070373e+01
6.448000000000000000e+07,-9.897086524999951962e+01
6.450000000000000000e+07,-9.595200348000057033e+01
6.452000000000000000e+07,-9.317744064000000037e+01
6.454000000000000000e+07,-9.701094818000044029e+01
6.456000000000000000e+07,-9.263740539999949419e+01
6.458000000000000000e+07,-9.683879662000055077e+01
6.460000000000000000e+07,-1.004407253000007501e+02
6.462000000000000000e+07,-9.163044357000030971e+01
6.464000000000000000e+07,-9.445147705000036353e+01
6.466000000000000000e+07,-9.382328987000057907e+01
6.468000000000000000e+07,-9.409142494000064971e+01
6.470000000000000000e+07,-9.412845992999984901e+01
6.472000000000000000e+07,-9.574407577999959074e+01
6.474000000000000000e+07,-9.171850394999896139e+01
6.476000000000000000e+07,-9.082585716000110665e+01
6.478000000000000000e+07,-8.671005249000089066e+01
6.480000000000000000e+07,-9.137556647999946335e+01
6.482000000000000000e+07,-9.569095229999960850e+01
6.484000000000000000e+07,-9.272032546999982117e+01
6.486000000000000000e+07,-9.441489792000105297e+01
6.488000000000000000e+07,-9.533577538000051277e+01
6.490000000000000000e+07,-9.196126365999965913e+01
6.492000000000000000e+07,-8.902759743000002857e+01
6.494000000000000000e+07,-9.775979995999901462e+01
6.496000000000000000e+07,-9.379206084999944437e+01
6.498000000000000000e+07,-9.692074965999941583e+01
6.500000000000000000e+07,-9.527552986000036128e+01
6.502000000000000000e+07,-9.707809067000013670e+01
6.504000000000000000e+07,-9.630087471000062749e+01
6.506000000000000000e+07,-9.695897675000013294e+01
6.508000000000000000e+07,-9.388011931999983517e+01
6.510000000000000000e+07,-9.392219543000052795e+01
6.512000000000000000e+07,-9.644733429000002900e+01
6.514000000000000000e+07,-8.736803627000067252e+01
6.516000000000000000e+07,-9.779209517999929346e+01
6.518000000000000000e+07,-9.529926682000031235e+01
6.520000000000000000e+07,-9.105435181000012790e+01
6.522000000000000000e+07,-9.131216811999927074e+01
6.524000000000000000e+07,-9.233239937000072928e+01
6.526000000000000000e+07,-9.343325996000011457e+01
6.528000000000000000e+07,-9.473906516999942085e+01
6.530000000000000000e+07,-9.473026276000017276e+01
6.532000000000000000e+07,-9.555011176999924771e+01
6.534000000000000000e+07,-9.056534003999945526e+01
6.536000000000000000e+07,-9.650322533000085912e+01
6.538000000000000000e+07,-9.468930053999984864e+01
6.540000000000000000e+07,-9.330277634000027831e+01
6.542000000000000000e+07,-9.823898888000061902e+01
6.544000000000000000e+07,-9.766599655000024427e+01
6.546000000000000000e+07,-9.538506888999897626e+01
6.548000000000000000e+07,-9.259827041999965047e+01
6.550000000000000000e+07,-9.641857719000060456e+01
6.552000000000000000e+07,-9.606492424000079211e+01
6.554000000000000000e+07,-9.146268081999943433e+01
6.556000000000000000e+07,-9.418340491999937569e+01
6.558000000000000000e+07,-9.225476837000068997e+01
6.560000000000000000e+07,-9.331579589999991242e+01
6.562000000000000000e+07,-9.275360106999922039e+01
6.564000000000000000e+07,-9.147242928000000006e+01
6.566000000000000000e+07,-9.325435447999932137e+01
6.568000000000000000e+07,-9.357744216999948605e+01
6.570000000000000000e+07,-9.571381568999889566e+01
6.572000000000000000e+07,-9.447968291999919188e+01
6.574000000000000000e+07,-9.377614021000040623e+01
6.576000000000000000e+07,-9.028284072999927901e+01
6.578000000000000000e+07,-9.529032516000005160e+01
6.580000000000000000e+07,-9.333769226000002561e+01
6.582000000000000000e+07,-9.040882301000027610e+01
6.584000000000000000e+07,-9.628311347999989778e+01
6.586000000000000000e+07,-9.285940552000052151e+01
6.588000000000000000e+07,-9.267950058000080560e+01
6.590000000000000000e+07,-9.272781371999943190e+01
6.592000000000000000e+07,-9.487834930000050804e+01
6.594000000000000000e+07,-9.206610489000011910e+01
6.596000000000000000e+07,-9.116266632000038328e+01
6.598000000000000000e+07,-9.776121140000027765e+01
6.600000000000000000e+07,-9.175076675000062210e+01
6.602000000000000000e+07,-9.549644278999966218e+01
6.604000000000000000e+07,-9.165205193000048212e+01
6.606000000000000000e+07,-9.254341507000012257e+01
6.608000000000000000e+07,-9.164932822999982420e+01
6.610000000000000000e+07,-9.447180176000053109e+01
6.612000000000000000e+07,-9.895229149000064695e+01
6.614000000000000000e+07,-9.327038193000039712e+01
6.616000000000000000e+07,-9.251716614000115158e+01
6.618000000000000000e+07,-9.437660026999959939e+01
6.620000000000000000e+07,-9.431092643999964764e+01
6.622000000000000000e+07,-9.138469696000007048e+01
6.624000000000000000e+07,-9.194440651000076059e+01
6.626000000000000000e+07,-9.036709975999903577e+01
6.628000000000000000e+07,-9.542618178999929057e+01
6.630000000000000000e+07,-9.076490021000049069e+01
6.632000000000000000e+07,-9.436826896999993153e+01
6.634000000000000000e+07,-9.313773154999957171e+01
6.636000000000000000e+07,-9.412532425000043190e+01
6.638000000000000000e+07,-9.191615294999989771e+01
6.640000000000000000e+07,-9.217276955000072292e+01
6.642000000000000000e+07,-9.501060295000016254e+01
6.644000000000000000e+07,-9.387365722999925310e+01
6.646000000000000000e+07,-9.749670410000000231e+01
6.648000000000000000e+07,-8.994079398999961938e+01
6.650000000000000000e+07,-9.008893776000071796e+01
6.652000000000000000e+07,-9.136258698000101219e+01
6.654000000000000000e+07,-9.864075661000049422e+01
6.656000000000000000e+07,-9.245416832000033480e+01
6.658000000000000000e+07,-8.849530983000042283e+01
6.660000000000000000e+07,-9.407178307000080508e+01
6.662000000000000000e+07,-9.434687804999943239e+01
6.664000000000000000e+07,-9.516144370999977298e+01
6.666000000000000000e+07,-9.015123558000037463e+01
6.668000000000000000e+07,-9.400202178999998637e+01
6.670000000000000000e+07,-9.628670311000078641e+01
6.672000000000000000e+07,-9.332735443000034081e+01
6.674000000000000000e+07,-9.290026855000114381e+01
6.676000000000000000e+07,-9.048015784999948607e+01
6.678000000000000000e+07,-9.465035629000091433e+01
6.680000000000000000e+07,-9.395137404999935882e+01
6.682000000000000000e+07,-9.226559639000079471e+01
6.684000000000000000e+07,-9.297505379000102721e+01
6.686000000000000000e+07,-9.005266380000051640e+01
6.688000000000000000e+07,-9.843929863000069247e+01
6.690000000000000000e+07,-9.157621002000071542e+01
6.692000000000000000e+07,-9.296696663000078331e+01
6.694000000000000000e+07,-9.494135283999889907e+01
6.696000000000000000e+07,-9.579719733999996834e+01
6.698000000000000000e+07,-9.469313048999950411e+01
6.700000000000000000e+07,-9.609420585999957609e+01
6.702000000000000000e+07,-9.654688834999980429e+01
6.704000000000000000e+07,-9.097848320000035471e+01
6.706000000000000000e+07,-9.763126755000071455e+01
6.708000000000000000e+07,-9.352218056000076274e+01
6.710000000000000000e+07,-9.379679680000066355e+01
6.712000000000000000e+07,-8.965411185999984411e+01
6.714000000000000000e+07,-9.509067917000106718e+01
6.716000000000000000e+07,-9.622081756999979518e+01
6.718000000000000000e+07,-9.417963408999891328e+01
6.720000000000000000e+07,-9.525841712999927324e+01
6.722000000000000000e+07,-9.208621216000024390e+01
6.724000000000000000e+07,-9.960675811999915652e+01
6.726000000000000000e+07,-9.658093833999937772e+01
6.728000000000000000e+07,-9.697818184000048802e+01
6.730000000000000000e+07,-9.633127593999965654e+01
6.732000000000000000e+07,-9.556174088000059896e+01
6.734000000000000000e+07,-9.373845481999937590e+01
6.736000000000000000e+07,-9.699313164000096776e+01
6.738000000000000000e+07,-9.628071212999944350e+01
6.740000000000000000e+07,-9.596401786999938111e+01
6.742000000000000000e+07,-9.668019294999979252e+01
6.744000000000000000e+07,-9.954034423999897285e+01
6.746000000000000000e+07,-9.383203125000000000e+01
6.748000000000000000e+07,-9.203394890000087969e+01
6.750000000000000000e+07,-9.204602431999960288e+01
6.752000000000000000e+07,-9.917924499999948296e+01
6.754000000000000000e+07,-9.552444077000060929e+01
6.756000000000000000e+07,-8.981732940999992820e+01
6.758000000000000000e+07,-9.043487358000075460e+01
6.760000000000000000e+07,-9.338549804999892956e+01
6.762000000000000000e+07,-9.545851707000062447e+01
6.764000000000000000e+07,-9.897117042999936132e+01
6.766000000000000000e+07,-9.756832885999951088e+01
6.768000000000000000e+07,-9.303400040000062177e+01
6.770000000000000000e+07,-1.003198489999996355e+02
6.772000000000000000e+07,-9.297896004000102721e+01
6.774000000000000000e+07,-9.760343932999971628e+01
6.776000000000000000e+07,-9.922817801999931930e+01
6.778000000000000000e+07,-9.562304497000090464e+01
6.780000000000000000e+07,-9.485399055000014812e+01
6.782000000000000000e+07,-9.776357650999911186e+01
6.784000000000000000e+07,-9.481550789000112900e+01
6.786000000000000000e+07,-9.244459343000004026e+01
6.788000000000000000e+07,-9.229852294999970752e+01
6.790000000000000000e+07,-9.593860626000042657e+01
6.792000000000000000e+07,-9.210933685000041748e+01
6.794000000000000000e+07,-9.594476127999962500e+01
6.796000000000000000e+07,-9.597387695000114149e+01
6.798000000000000000e+07,-9.169056319999995708e+01
6.800000000000000000e+07,-9.626656914000095355e+01
